1,26,61,92,17,39,Sabae
2,73,92,53,10,10,Taiping
3,15,29,62,43,99,Apatin
4,60,63,40,42,55,Rauco
5,41,80,65,12,73,Qom
6,56,16,50,20,56,Sotnikovskoye
7,99,28,33,4,32,Malvas
8,3,60,19,22,23,Xindi
9,31,58,96,16,18,Stockholm
10,30,67,73,2,68,Kuala Terengganu
11,93,18,74,21,87,Abbottābād
12,57,10,76,10,94,Ugbokpo
13,17,35,28,11,28,Marigot
14,21,25,35,12,94,Zhuxi
15,87,59,86,7,52,Eg-Uur
16,83,86,22,44,17,Ermelo
17,45,69,28,45,73,Santa Cruz
18,3,35,94,42,94,Benniu
19,42,56,52,1,75,Železnice
20,78,40,85,50,73,Krzanowice
21,66,42,1,33,35,Stockholm
22,6,29,49,45,2,Novorossiysk
23,40,28,88,46,72,Mohelno
24,43,9,66,42,65,San Bautista
25,91,81,21,28,36,Douba
26,53,98,23,17,47,Picos
27,81,98,81,41,22,Chicago
28,100,56,83,23,12,Xinfeng
29,65,26,6,37,34,Debar
30,60,85,97,12,69,Chvalšiny
31,39,30,6,45,77,Concepcion
32,78,74,34,25,67,Stockholm
33,76,38,40,6,82,Pandanrejokrajan
34,44,67,73,18,79,Filipstad
35,36,97,53,32,97,Zhucun
36,12,26,18,16,100,Issy-les-Moulineaux
37,41,16,98,49,20,Neiguan
38,45,89,93,40,18,Tambulatana
39,96,80,19,36,28,Yijiang
40,56,77,74,20,29,Nunmanu
41,81,61,36,7,23,Huangqiang
42,18,22,57,35,46,Yabluniv
43,6,78,49,35,89,Delvinë
44,25,81,34,4,78,Huanghuatan
45,63,25,2,49,94,Al Masallamiyya
46,26,98,51,34,82,Vilarelho
47,96,23,29,26,54,Pateh Sam
48,77,82,80,13,38,Acheng
49,94,80,79,46,79,Chinchero
50,31,41,6,1,76,Burgos
51,82,100,1,31,39,Guadalupe
52,89,37,50,24,77,Dongting
53,20,48,61,43,78,Loutráki
54,75,18,32,23,61,Bebedouro
55,35,37,87,31,12,Neni
56,42,27,20,24,29,Pirapora
57,100,58,58,20,67,Novomoskovsk
58,2,1,50,14,25,Potrero Grande
59,46,46,94,34,16,Urung
60,42,2,1,25,78,Rufino
61,77,6,93,22,31,Ai Tu
62,77,69,84,16,67,Lughaye
63,91,17,98,13,14,Kebonjaya
64,77,14,99,40,94,Rantau
65,26,91,29,21,92,Bantiran
66,2,92,81,30,30,Shanggu
67,53,2,64,29,58,Frydrychowice
68,75,5,11,34,75,Okrika
69,49,53,77,19,42,Bugana
70,41,83,43,34,40,Adtugan
71,17,5,83,26,83,Doubravice nad Svitavou
72,2,8,58,7,28,Beausejour
73,83,98,52,17,41,Sillamäe
74,42,20,51,1,17,Sukacai
75,25,85,19,35,41,Akhaltsikhe
76,15,42,66,23,23,Markova
77,1,36,48,26,95,Hostomice
78,45,89,25,13,78,Ilinden
79,41,59,2,1,90,Buenavista
80,38,2,81,7,26,Berdyans’k
81,75,46,33,21,17,Chengjiao
82,5,53,51,37,57,Mauren
83,35,64,94,21,36,Sufang
84,54,87,83,28,76,Calidñgan
85,61,65,86,36,28,Tagkawayan Sabang
86,44,97,39,10,15,Chengnan
87,31,64,10,25,94,Kamaris
88,67,76,32,9,36,Tlumach
89,23,68,67,15,7,Stockholm
90,9,3,79,36,81,Mozelos
91,78,59,64,6,89,Bābol
92,68,16,86,6,31,Vohipaho
93,14,53,93,4,61,Trenggulunan
94,57,98,80,15,4,San Andros
95,33,76,70,49,98,Lucban
96,7,16,52,33,17,Banī Ḩassān
97,80,25,16,13,60,Ķegums
98,6,11,30,1,79,Wanfa
99,25,51,91,13,43,Xinmin
100,37,55,21,46,72,Xanxerê
101,89,83,64,39,22,Changqing
102,25,38,34,33,94,Risālpur
103,20,90,83,27,21,Avignon
104,39,30,93,14,94,Tanjungluar
105,98,65,73,25,6,Wangzuo
106,32,57,23,35,35,Hengshan
107,26,74,32,36,84,Vyritsa
108,18,55,90,21,28,Neẖalim
109,37,97,96,12,78,Liuzikou
110,84,79,62,38,24,Artesianón
111,23,28,27,7,89,Adtugan
112,43,93,44,19,3,Novoselë
113,16,98,9,43,30,Warburton
114,27,63,78,12,14,Kyaukse
115,48,17,31,2,85,Baturaden
116,35,47,27,4,11,Salavat
117,14,93,96,35,17,Yong’an
118,56,28,3,30,83,Limache
119,58,94,23,21,64,Borek Wielkopolski
120,62,97,34,8,52,Longmiao
121,17,17,23,7,98,Longhua
122,12,100,59,19,34,San Luis
123,10,61,81,13,31,Salamá
124,77,6,6,5,19,Kubangsari
125,70,28,77,30,18,Warin Chamrap
126,45,76,41,35,79,Xiangfu
127,23,30,77,31,47,Ringinrejo
128,96,63,49,1,50,Nurmijärvi
129,34,89,71,17,70,Pryluky
130,92,3,89,10,84,Colinas
131,32,30,97,19,27,Lindome
132,12,3,5,5,74,Nizhniy Novgorod
133,2,33,45,44,63,Poshnje
134,73,32,67,47,44,Kowale
135,80,13,8,29,62,Rancagadog
136,13,23,78,33,99,Kengyuan
137,83,38,54,23,28,Udënisht
138,77,1,98,39,69,Feijó
139,45,74,58,13,45,Ambato Boeny
140,17,82,20,46,43,Cinyawar
141,99,62,28,36,45,Paniówki
142,97,91,41,48,7,Nidek
143,64,35,61,48,67,Luoshui
144,55,72,5,9,86,Kamenka
145,58,52,86,8,99,Paltashaco
146,64,31,45,39,59,Antipolo
147,84,7,89,13,8,Bunia
148,13,10,77,5,45,Rancabungur
149,13,65,60,17,56,Wuxiang
150,82,86,70,7,39,Zuocun
151,12,65,11,40,59,Stockholm
152,6,6,16,19,67,Pereira Barreto
153,94,67,75,13,93,Los Mangos
154,33,6,64,1,39,Kerema
155,96,39,15,14,14,Rafael Perazza
156,4,48,91,48,6,Dimona
157,83,21,97,34,69,Yaviza
158,89,22,5,39,12,Bugana
159,7,60,61,50,61,Pontivy
160,42,30,17,2,14,Turpo
161,9,69,55,11,38,Aleksotas
162,26,53,73,5,88,Huallanca
163,50,60,77,11,53,Ngerengere
164,67,42,26,44,29,Sofrino
165,54,13,2,40,24,Tejar
166,52,91,97,46,82,Huixian Chengguanzhen
167,8,55,72,3,69,Mocupe
168,66,33,32,35,16,Kangding
169,63,25,41,27,14,Sindangan
170,86,28,25,19,72,Kibuku
171,100,9,80,42,27,Businovo
172,64,61,18,22,18,Poykovskiy
173,75,76,25,30,34,Krasnapollye
174,8,39,16,4,82,Odrinhas
175,7,89,81,6,83,Älvsjö
176,95,58,2,2,35,Ḩātim
177,1,6,62,5,35,Odintsovo
178,12,53,97,41,88,Río
179,39,5,98,23,20,Salinggara
180,20,6,59,38,84,Banjar Ambengan
181,53,36,14,47,38,Caronoan West
182,64,65,50,50,81,Kozlovice
183,33,7,69,47,71,Jastrebarsko
184,28,22,23,40,91,San Antonio
185,66,74,100,28,74,Nossebro
186,79,22,73,29,92,São Domingos de Rana
187,84,13,21,33,30,Vidyayevo
188,60,100,63,33,4,Dallas
189,78,86,73,28,29,Nevel’sk
190,94,51,42,21,64,Suphan Buri
191,33,86,81,8,75,Jingguan
192,30,92,24,35,67,Olhão
193,66,6,71,12,40,Cirangkong
194,10,47,28,30,75,Independencia
195,19,68,33,26,41,Donghai
196,94,74,25,32,35,Abengourou
197,77,50,83,28,71,Huangzhou
198,76,80,93,49,16,Weibin
199,23,22,35,42,42,Yinghua
200,15,93,37,46,92,Salegading
201,58,10,53,36,67,Al Jaghbūb
202,12,99,9,36,15,Tomaszów Mazowiecki
203,8,34,29,27,6,Tremembé
204,88,40,79,18,10,Puerto Cumarebo
205,27,33,73,23,29,Shuimen
206,17,5,97,13,44,Týnec
207,66,17,73,31,44,Sayaxché
208,72,26,74,30,12,Pospelikha
209,76,91,95,36,44,Klumpit
210,9,95,65,35,23,Saint-Jean-de-Braye
211,12,30,46,9,87,Santa Cruz das Flores
212,78,16,2,5,22,Drawno
213,70,45,63,3,74,Keruguya
214,52,32,49,2,6,Chemerivtsi
215,5,52,84,36,51,Huangnaihai
216,84,69,92,8,47,K’anak’erravan
217,23,85,96,13,39,Ādilpur
218,4,42,62,26,94,Al Jubayhah
219,43,23,15,45,52,Mbalmayo
220,94,10,48,40,30,Āstārā
221,60,14,13,26,45,Independencia
222,53,93,67,37,18,Orekhovo-Zuyevo
223,99,74,25,30,13,Karítsa
224,49,25,29,37,92,St. Anton an der Jeßnitz
225,61,23,38,3,67,Tembang
226,89,3,88,7,68,Yuchi
227,60,7,37,3,23,Liqizhuang
228,2,18,78,12,43,Tarhuna
229,19,81,82,39,52,Ujungpangkah
230,6,8,27,1,57,Jianshan
231,29,73,18,24,98,Salegading
232,58,41,88,50,27,Žalec
233,90,82,15,46,14,Molochnoye
234,94,2,72,3,40,Kuznetsovs’k
235,100,98,90,23,48,Černá Hora
236,24,52,3,26,24,Kauswagan
237,71,64,29,37,38,Bang Mun Nak
238,49,13,10,43,53,Mandesan
239,30,28,20,5,15,Chartres
240,73,72,18,41,48,Gurlan
241,98,74,51,22,92,Miguel Calmon
242,24,19,92,27,36,Sokol’niki
243,41,72,82,50,63,Sanfang
244,19,13,95,28,98,Ar Ru’ays
245,77,54,95,3,97,Poxi
246,16,68,35,45,18,Xinglin
247,83,29,73,28,91,Horní Stropnice
248,86,91,29,7,39,Meicheng
249,71,86,52,49,19,Nijmegen
250,39,74,58,44,35,Morani
251,54,29,54,22,42,Pensacola
252,32,69,65,10,52,Szczerców
253,4,69,34,23,32,Corujeira
254,95,56,13,17,14,Cisasak
255,11,57,47,36,24,Daxi
256,59,54,31,49,46,Air Bangis
257,93,70,41,18,5,Pieksämäki
258,12,25,58,25,25,Sakule
259,2,49,64,10,76,Susiec
260,9,76,34,2,16,Krajan Dua Patempuran
261,35,32,58,9,5,Wachira Barami
262,61,39,48,21,73,Stockholm
263,49,78,19,22,71,Florencia
264,51,17,21,40,54,San Miguel
265,83,45,49,46,82,Sousse
266,71,79,46,27,37,Randusari
267,2,22,81,35,54,Cruzeiro do Sul
268,68,18,5,4,38,Gujiadian
269,10,40,78,31,76,Shima
270,2,30,6,47,16,Piracaia
271,47,86,38,39,72,Casal da Anja
272,16,53,88,46,59,Reutlingen
273,14,92,34,42,45,Washington
274,5,89,42,23,57,Konggar
275,26,62,100,31,73,Lucapa
276,63,51,2,29,96,Pithoro
277,62,20,6,33,88,Hanyuan
278,16,91,47,17,40,Höllviken
279,100,88,8,41,74,Folques
280,62,33,56,37,17,Coloncito
281,40,70,96,46,99,Hutag
282,58,26,75,47,61,Otavi
283,29,97,22,22,23,Hanover
284,99,42,28,45,93,Machinga
285,85,43,50,36,5,Nîmes
286,50,33,80,25,88,Stockholm
287,100,23,5,19,3,Tokorozawa
288,83,92,81,39,9,Kaiaf
289,16,39,21,32,92,Sicaya
290,68,35,81,29,44,São José do Rio Preto
291,79,52,69,13,34,Shardara
292,11,100,23,4,70,Obroshyne
293,14,74,61,39,85,Muli
294,97,62,42,9,6,Jiujie
295,4,52,48,50,34,Caledon
296,27,87,79,13,19,Palanit
297,91,78,95,40,43,Urungpigang
298,19,21,87,47,61,Boé
299,67,46,61,35,35,Annecy
300,42,56,23,5,4,Yantian
301,33,3,83,4,52,Tall Abyaḑ
302,64,80,97,49,90,Riberalta
303,16,63,28,28,27,Cigintung
304,96,89,4,34,28,Jianshe
305,39,8,65,31,17,Cabrero
306,35,34,100,32,61,As Saddah
307,8,89,87,21,70,Bendo
308,73,81,35,46,67,Gonghe
309,86,2,41,3,10,Klek
310,53,38,84,21,36,Lebedyn
311,66,13,5,47,20,Guarenas
312,53,32,86,24,50,Antaparco
313,91,57,99,21,93,Krzemienica
314,33,34,50,29,85,Huangjinbu
315,49,85,23,40,31,Belūsovka
316,70,12,78,20,46,Konakridee
317,38,27,5,22,98,Pickering
318,24,67,32,23,43,São Paulo
319,84,21,24,19,95,Santo Aleixo
320,12,26,44,39,34,Methóni
321,89,61,22,18,94,Peuara
322,82,7,15,49,55,Sida
323,18,74,70,16,81,Yingde’er
324,14,81,93,31,19,Ágios Týchon
325,22,61,12,28,17,Huaqiao
326,50,24,47,20,49,Sali
327,42,81,95,40,82,Izyaslav
328,17,60,8,2,52,Wisznice
329,91,18,68,19,19,Jingouhe
330,30,2,6,25,50,Ar Rumaythah
331,80,2,90,32,6,Pruszków
332,90,40,27,46,83,Klumbu
333,66,47,31,40,47,Belén de Umbría
334,58,45,87,41,25,Khashuri
335,64,62,41,31,98,Kauhava
336,91,94,24,20,54,Bogi
337,81,53,15,22,49,Slobodka
338,13,32,34,39,93,Bystra
339,4,39,4,32,28,Guadalupe
340,14,75,44,17,7,Yuzhno-Sukhokumsk
341,88,12,3,35,78,Mamboma
342,54,79,100,5,46,Bov
343,89,75,61,44,9,Pamotan
344,42,32,74,29,11,Songqiao
345,95,19,24,13,22,Nadezhda
346,59,13,11,21,93,Pimentel
347,26,17,14,4,45,Algeciras
348,9,26,66,17,69,Lincoln
349,44,29,7,11,70,Partesh
350,5,5,1,43,44,Voronezh
351,79,35,64,18,24,Looc
352,28,66,52,17,76,Zhouzhuang
353,35,94,68,44,61,San Juan
354,22,98,40,26,56,Vännäs
355,54,94,76,25,30,Gaotang
356,49,98,61,43,44,Skuodas
357,33,51,17,31,5,Peña
358,74,86,89,5,9,Kanália
359,13,38,65,13,98,Panganiban
360,56,48,66,7,84,Rufino
361,40,70,60,8,98,Carot
362,69,84,36,38,76,Ganyi
363,55,72,90,5,25,Capivari
364,31,5,9,16,12,Jiapeng
365,12,99,100,41,34,Chamalières
366,27,76,55,36,15,Zátor
367,31,21,84,25,97,Honghe
368,83,78,75,31,16,Tabinay
369,6,96,21,47,3,Padangulaktanding
370,48,16,35,9,90,Oslo
371,62,57,34,19,88,København
372,84,46,54,47,36,Wangmo
373,98,92,7,16,8,Bang Rakam
374,81,88,80,31,53,Wola Rębkowska
375,88,73,64,6,41,Xiaoxiang
376,64,1,51,17,46,Ciyun
377,100,60,23,23,46,Lousa
378,94,11,12,33,39,Negombo
379,1,23,88,43,12,Labin
380,65,77,93,34,79,Hidalgo
381,85,34,68,42,80,Jiangcun
382,50,56,41,18,88,Valinhos
383,19,2,12,13,50,Petropavlivka
384,64,69,97,36,96,Svitlovods’k
385,37,55,80,47,55,Takamatsu-shi
386,72,25,96,27,19,Buurhakaba
387,9,82,37,17,6,Dupi
388,38,53,71,33,20,Dolní Kounice
389,12,61,51,48,84,Labrador
390,99,41,32,27,30,Colorado Springs
391,95,86,42,43,41,Linxi
392,87,34,97,6,32,Babasakhib
393,21,17,84,13,97,Mae Chan
394,51,74,7,49,45,Almeria
395,18,9,66,15,41,Limon
396,32,99,64,30,66,Jubb Ramlah
397,18,45,93,13,75,Salvador
398,59,43,63,21,7,Ibirité
399,9,13,85,21,19,Mākū
400,63,95,48,11,37,Colonia Elisa
401,39,93,20,5,99,Kuanfeu
402,65,6,30,31,63,Rano
403,62,58,84,47,55,Les Coteaux
404,53,8,80,43,9,Ángeles
405,62,80,69,35,21,Chilliwack
406,86,80,7,2,12,Augusto Corrêa
407,99,69,82,45,16,Mnich
408,68,66,53,9,15,Xiadu
409,8,93,83,7,42,Amahusu
410,70,11,7,40,38,Tampa
411,64,90,49,46,22,Chapecó
412,73,99,40,42,100,Sumanding
413,17,15,74,22,83,Eindhoven
414,35,16,8,3,94,Newport
415,33,20,6,32,28,Pohonsirih
416,97,8,22,28,93,Malandag
417,7,58,75,42,12,Trondheim
418,97,79,1,4,37,Bāfq
419,17,86,91,18,26,Songkar B
420,90,1,8,8,1,Mozelos
421,27,77,19,29,63,Vestmanna
422,72,90,59,28,100,Xuezhen
423,82,36,87,30,15,Criuleni
424,70,12,70,50,20,Rozwadza
425,38,2,22,40,29,Santo António das Areias
426,87,94,22,11,72,Medalem
427,45,74,73,13,82,Cibogo
428,97,100,61,46,25,Tampa
429,44,35,51,23,59,Riang Tengah
430,59,95,17,26,24,Trhové Sviny
431,45,77,88,37,98,Mueang Suang
432,48,82,55,25,3,Maní
433,83,23,62,35,6,Zorak
434,45,17,36,16,78,Tsarychanka
435,85,52,80,48,61,Riit
436,9,7,41,31,11,Rosario de Lerma
437,52,88,21,25,41,Falun
438,46,40,67,11,96,Vnanje Gorice
439,71,73,9,20,36,Nangkasari
440,30,73,23,48,92,Fangli
441,7,50,93,15,64,Río Ceballos
442,31,96,98,22,25,Ustrzyki Dolne
443,22,78,13,48,12,Mentaraman Satu
444,40,99,46,41,47,Magadan
445,7,57,53,32,92,Bellevue
446,97,87,52,27,72,Zekou
447,49,95,40,41,4,Eiriz
448,18,17,49,8,64,Lago dos Rodrigues
449,68,94,46,9,96,Ban Ko Lan
450,69,52,34,6,39,Troyes
451,1,37,50,28,64,Almoínhas Velhas
452,40,24,18,26,41,Kayan Hulu
453,51,97,67,49,91,Jurva
454,5,16,20,35,95,Tost
455,38,18,37,38,79,Krajan
456,99,10,8,22,65,Heiiyugou
457,73,27,16,46,52,Bydgoszcz
458,61,36,46,42,67,Danyang
459,46,61,26,32,44,Napnapan
460,92,3,10,42,23,Hartford
461,26,31,35,22,2,Kamyshevatskaya
462,54,70,85,18,66,Komendantsky aerodrom
463,80,38,11,3,69,Drachten
464,38,6,78,27,75,Thayetmyo
465,4,30,17,27,87,Sundsvall
466,72,23,42,49,25,Ħamrun
467,35,93,30,1,61,Qaram Qōl
468,37,71,23,47,82,Orkney
469,8,88,59,13,67,Oekefan
470,44,8,23,27,45,Ponte
471,4,91,58,28,19,Addis Ababa
472,68,98,57,16,78,Gon’ba
473,70,50,74,29,13,Jankomir
474,52,97,59,9,91,Cabannungan Second
475,50,73,62,36,88,Franceville
476,22,81,24,43,8,El Hajeb
477,91,25,58,27,7,Shangma
478,42,22,72,10,50,Candelária
479,18,8,26,34,9,Regnów
480,59,28,52,44,32,Culacling
481,23,44,27,34,50,Guangyuan
482,95,74,86,20,73,Shahr-e Bābak
483,15,6,13,37,33,Nanxing
484,12,60,67,32,61,Acacías
485,13,29,44,19,100,Krasnogorskiy
486,68,53,93,48,8,Madura
487,96,22,99,15,92,Jayapura
488,61,32,14,28,67,Sukasari
489,56,49,60,5,83,Strasbourg
490,2,10,11,17,70,Marzhing
491,61,33,16,22,73,Yuejin
492,44,52,45,17,13,Dukla
493,71,17,36,39,98,Santiago
494,2,74,85,47,9,Vostryakovo
495,33,96,94,13,10,‘Ābūd
496,45,38,6,1,14,San Francisco
497,56,38,78,47,26,Rentian
498,5,21,29,20,43,Marale
499,81,28,60,12,30,Nggalak
500,20,22,24,31,66,Dongxiang
501,67,79,70,6,73,Leninskiy
502,23,84,47,42,61,Dengnan
503,85,87,35,18,48,Montréal-Est
504,42,13,49,48,55,Nikolina Gora
505,40,74,52,37,7,Sirāhā
506,53,49,1,34,8,Banff
507,71,53,49,4,85,Anabar
508,21,62,97,40,87,Ceuta
509,95,24,36,35,71,Aksu
510,21,93,94,10,66,Tân Trụ
511,90,82,9,18,13,Chornyanka
512,30,66,8,49,80,Paatan
513,54,55,68,26,20,Cao Thượng
514,8,41,74,28,84,Liaozhong
515,83,16,12,41,87,Luleå
516,97,43,48,47,76,Ibara
517,61,3,6,44,93,Thị Trấn Thuận Châu
518,31,8,78,20,89,Emnambithi-Ladysmith
519,98,99,19,25,48,São Miguel do Araguaia
520,69,76,76,1,81,Huiqi
521,30,56,43,16,99,Lilio
522,40,36,44,26,95,Salt Lake City
523,35,58,88,48,41,Orlando
524,77,78,4,16,48,Diamantino
525,74,94,90,22,78,Xilin
526,18,76,100,46,9,Butare
527,66,7,28,25,100,Vadstena
528,71,87,23,10,88,Pogwizdów
529,87,62,26,26,55,El Paso
530,87,71,81,43,71,Luanshya
531,54,51,47,37,38,Yungay
532,26,76,2,13,4,Enyerhyetykaw
533,21,36,83,25,80,Cabalawan
534,71,76,10,41,39,Tiandeng
535,92,80,67,32,76,Conner
536,84,32,51,31,77,Guojiaba
537,98,94,47,43,48,Buenavista
538,20,45,75,7,27,Cibeureum
539,12,26,1,1,76,Uritsk
540,92,24,12,33,16,Parabon
541,19,72,41,40,87,Ferrol
542,64,79,13,5,81,Oeri’u
543,87,89,20,37,71,Castañas
544,70,88,36,15,34,Mandal
545,39,99,72,31,32,Moutas
546,32,24,89,23,17,Ja Ela
547,71,61,86,13,88,Mabilog
548,37,8,11,7,5,Haolaishan
549,80,100,96,48,99,Los Angeles
550,85,31,41,16,69,Bolhos
551,70,98,88,34,96,Quime
552,81,6,64,46,99,Köln
553,13,36,83,7,69,Fuyang
554,52,43,44,34,90,Bel Air Rivière Sèche
555,26,64,49,6,76,Chulabhorn
556,10,91,62,34,68,Furmanov
557,34,36,55,36,57,Kleszczewo
558,92,3,25,43,58,Mława
559,89,67,82,41,86,Svoge
560,2,73,75,29,47,Luo’ao
561,62,99,60,31,4,Dan Sadau
562,31,66,71,34,42,Cinyawang
563,4,6,22,41,81,Chaumont
564,49,46,19,14,60,Sukadana
565,18,59,18,50,97,Parachinar
566,83,80,78,47,9,Xinglong
567,85,34,8,2,100,Himeville
568,81,25,43,2,36,Salinungan Proper
569,25,10,39,50,49,Sakerta Timur
570,88,84,23,16,88,Östersund
571,74,69,97,27,61,Sedandang
572,76,47,40,35,7,Venilale
573,51,22,82,47,77,Bukbatang
574,84,73,78,27,78,Los Pinos
575,70,86,31,31,16,Yangqiao
576,70,91,26,47,88,Tynne
577,36,43,56,19,15,Byera Village
578,97,83,31,14,48,Andahuaylas
579,52,70,50,33,16,Al Hadā
580,17,12,69,43,46,Priob’ye
581,2,73,85,42,30,Gällivare
582,67,51,83,43,93,Novo Hamburgo
583,2,10,49,27,67,Bordeaux
584,13,67,29,1,98,Qiaotou
585,43,13,15,49,60,Szczerbice
586,28,23,17,35,8,Il’inskiy
587,79,16,3,1,61,Linköping
588,89,33,81,31,89,Sarpang
589,66,85,73,3,100,Kranj
590,29,61,52,49,97,Pomacocha
591,30,25,68,29,52,Bourges
592,94,46,67,4,15,Karata
593,70,87,36,29,11,Hukeng
594,30,18,32,45,75,Zbarazh
595,69,100,35,47,39,Volochys’k
596,94,95,64,1,45,Tambakbaya
597,97,81,44,50,33,Fredrikstad
598,56,27,72,32,56,Boneng
599,76,15,11,43,47,Wucheng
600,26,77,42,19,79,Chernyshevsk
601,65,7,74,32,53,Quţūr
602,3,43,2,17,37,Ínfias
603,43,33,62,6,84,Barra
604,1,74,26,22,100,Riolândia
605,25,91,22,17,73,Mengenkrajan
606,98,61,38,20,22,Xinji
607,6,8,30,35,9,Amapala
608,44,87,65,39,16,Jiaojie
609,22,13,56,14,41,Caseros
610,73,90,32,10,84,Gongxi
611,27,81,1,30,29,Rouen
612,4,36,27,22,96,Tha Wang Pha
613,7,87,80,42,39,Chengnan
614,20,58,29,25,11,Amnat Charoen
615,46,58,69,34,88,Foxrock
616,54,56,58,22,19,Sumberjo
617,58,25,41,44,38,El Mirador
618,34,18,48,3,49,Varberg
619,78,42,78,30,12,Rahayu
620,55,99,6,33,90,Três de Maio
621,86,7,4,10,5,Sabanagrande
622,73,51,39,46,68,Campanário
623,19,19,25,11,17,Santo Domingo
624,67,14,67,41,40,Dhankutā
625,50,6,51,34,13,Xishui
626,74,97,96,12,17,Tours
627,73,13,47,28,80,Ribeiro
628,25,94,1,19,47,Yuyue
629,49,85,35,16,7,Meilong
630,77,75,30,31,21,Arlington
631,62,8,46,18,28,Maghār
632,57,40,35,10,35,Rafaela
633,91,40,88,31,89,Iwo
634,47,77,74,46,24,Calaya
635,51,85,24,42,30,Sigaozhuang
636,10,2,56,2,92,Arujá
637,14,97,56,34,75,Vila Ribeiro
638,88,55,47,42,43,Siemkowice
639,53,7,47,30,85,Xundian
640,10,1,95,6,83,Koungou
641,38,8,33,44,13,Gaoling
642,48,9,14,50,88,Huakoulongtan
643,80,14,30,18,29,Mönhbulag
644,19,96,4,24,48,Le Raincy
645,42,24,54,32,98,Mamara
646,56,99,77,48,30,Sebadelhe
647,17,2,81,50,58,Lang
648,79,62,55,27,56,Yanling
649,75,76,98,14,31,Sumberbening
650,97,89,64,23,15,Pamotan
651,62,60,68,21,52,Rabig
652,39,39,47,32,47,Tessaoua
653,48,58,83,44,42,Santa Teresa First
654,27,54,7,31,51,Sala
655,66,42,43,50,61,Fonte da Aldeia
656,82,31,97,23,97,Nybro
657,8,12,70,6,98,Magan
658,66,52,59,9,80,Batu
659,15,39,96,20,14,Anle
660,79,1,46,47,91,Paccho
661,100,65,44,26,90,Espérance Trébuchet
662,4,38,61,50,30,Qiligang
663,89,67,49,30,83,Borkowice
664,51,15,3,42,91,Dayr Mawās
665,66,68,21,5,55,Cibulakan
666,41,23,70,3,53,Eldoret
667,85,93,86,43,40,Mar del Plata
668,70,9,76,6,7,Gjoa Haven
669,99,84,47,49,46,Husów
670,33,34,59,27,1,Shanglaxiu
671,97,40,97,15,62,Itabira
672,46,55,68,46,80,Cáchira
673,97,6,99,3,20,Lykóvrysi
674,13,65,47,39,74,Pinggirsari
675,85,72,60,25,13,Dowlatyār
676,13,82,38,40,35,Tiouli
677,50,64,80,30,40,Hikone
678,56,95,66,10,92,Talun
679,92,78,56,38,62,Seremban
680,96,70,36,37,44,Río Grande
681,30,32,16,24,21,Beijie
682,50,8,45,28,64,Chiclayo
683,79,1,31,1,93,Dongxi
684,29,67,10,9,4,Tanggung
685,75,42,19,29,71,Kokagax
686,79,27,38,45,78,Longmenfan
687,66,51,48,12,13,Alíartos
688,15,94,40,2,81,Port Hawkesbury
689,91,9,94,38,19,Malaga
690,99,40,42,4,94,Bryansk
691,24,83,39,3,38,Maszkienice
692,54,63,81,24,29,Bagansiapiapi
693,11,5,47,18,25,Krajan Karangwage
694,73,20,9,32,51,Stopnica
695,46,51,66,19,92,Ipoh
696,2,40,81,6,49,Maigo
697,100,57,71,19,74,Laranjal Paulista
698,75,91,87,20,60,Kosum Phisai
699,3,79,76,2,44,Włoszakowice
700,35,44,75,48,45,Omaha
701,46,73,40,27,87,Krasnodar
702,51,16,74,49,70,Rancapare
703,64,6,78,7,37,Qa‘ţabah
704,37,83,34,3,49,San Manuel Chaparrón
705,93,55,83,47,100,Sanjiazi
706,42,23,73,31,43,Paris La Défense
707,27,91,93,15,98,Obo
708,92,5,37,2,7,Selenicë
709,8,14,19,28,99,Měřín
710,86,12,29,31,50,Zhonglong
711,22,27,11,8,100,Czerwin
712,40,8,30,23,43,Xicheng
713,8,31,47,25,12,Duodaoshi
714,4,23,84,41,50,Dubreuil
715,54,32,92,32,86,Zarqa
716,1,62,45,42,88,Moss
717,46,35,81,35,48,Mętków
718,85,39,33,20,52,Bochum
719,54,64,41,24,31,Telagaselaba
720,75,10,9,30,54,Storuman
721,42,73,49,40,48,Torzhok
722,87,76,42,5,73,Wright
723,86,79,90,23,94,Chemal
724,63,51,92,50,58,Puwa
725,89,11,25,24,100,Kochani
726,45,73,51,39,66,As Salţ
727,92,20,16,41,9,Huayana
728,15,10,31,8,10,Morales
729,79,89,17,29,62,Auch
730,53,75,43,45,41,General Vedia
731,4,55,58,30,39,Bandong
732,90,60,90,1,59,Ciharalang
733,37,97,51,48,16,Berbérati
734,41,72,55,19,80,Katoro
735,51,38,33,43,51,Masty
736,48,38,57,26,87,Digos
737,48,52,91,22,42,Guan’e
738,87,68,12,1,45,Dongming
739,16,56,70,14,91,San Isidro
740,13,85,48,34,41,Stará Huť
741,72,42,92,31,44,Mīāndoāb
742,64,88,53,9,84,Vrtojba
743,8,35,65,50,15,Rokitno Szlacheckie
744,62,74,54,44,1,Tiegai
745,27,20,11,18,93,Huddinge
746,48,58,89,32,40,Luyi
747,73,68,84,31,51,Huacho
748,76,36,82,4,45,Xianghua
749,70,45,74,5,98,Al Ya‘rubīyah
750,20,29,31,35,39,Kitui
751,70,94,55,18,77,Ladner
752,63,43,22,7,80,Mojokerto
753,92,73,31,29,83,Khovaling
754,33,25,28,23,61,La Libertad
755,85,36,43,1,98,Anaheim
756,60,47,66,41,43,Glencoe
757,18,8,24,8,57,Cliza
758,55,86,53,28,59,Frederiksberg
759,40,56,97,12,6,Puncaksempur
760,51,79,72,34,16,Huizhou
761,61,10,45,44,9,Gbarnga
762,13,87,60,18,28,Głuchów
763,71,42,37,45,57,El Fureidīs
764,85,91,63,48,60,Naqadeh
765,47,22,70,8,55,Khān Yūnis
766,59,93,20,34,4,Tsévié
767,49,31,83,44,73,Oumiao
768,96,61,14,16,75,Ḩabīl al Jabr
769,75,31,33,48,43,Bordeaux
770,96,35,38,31,3,Bebedouro
771,34,52,70,4,80,Pocsi
772,92,64,28,33,26,Honiara
773,14,21,88,26,28,Zeqin
774,67,76,18,43,2,Yili
775,29,49,18,47,77,Oyem
776,97,22,68,45,96,Pouzauges
777,62,88,32,10,90,Sincelejo
778,5,76,16,1,52,Bandar-e ‘Asalūyeh
779,52,95,46,23,16,Santa Lucia
780,23,35,63,24,60,Tucumã
781,72,37,33,34,27,Dangbigih
782,38,27,77,48,37,Xiangzhou
783,19,15,97,5,53,Zhigulevsk
784,97,1,49,4,51,Gorna Oryakhovitsa
785,98,81,92,46,34,Suyang
786,88,26,41,2,57,Kosan
787,93,54,30,43,37,Sasnovy Bor
788,43,20,10,2,47,Fort Worth
789,94,85,50,1,89,Ciparay
790,32,15,62,17,42,Igbo-Ukwu
791,26,61,5,29,72,Corralito
792,1,76,28,17,61,Jaroměřice nad Rokytnou
793,82,4,85,11,14,Alcains
794,38,8,18,23,2,Nantes
795,92,3,45,21,66,Shilong
796,22,25,12,2,89,Sūrīān
797,96,11,73,47,81,Toumodi
798,76,60,93,10,22,Manglid
799,37,51,23,14,3,Guadalupe Victoria
800,67,7,97,48,71,Potosí
801,7,60,9,49,69,Phrae
802,25,10,78,6,70,Tangwāni
803,2,96,5,7,54,Pangian
804,45,25,16,50,66,Utrecht (stad)
805,92,13,13,6,2,Bazar-Korgon
806,75,46,89,33,24,Sayansk
807,66,73,73,42,27,Baoshui
808,83,22,54,9,69,Wantan
809,36,46,28,6,17,Moa
810,4,98,82,18,8,Pittsburgh
811,98,40,11,27,5,Loureiro
812,25,75,25,44,49,Västerås
813,35,71,29,32,94,Maskinongé
814,62,61,41,45,88,Daitōchō
815,37,85,8,33,92,Kadubetara
816,45,58,44,41,35,Călăraşi
817,28,44,75,34,7,Viñales
818,82,35,82,37,49,Sukamantri Satu
819,34,32,2,16,10,Mirontsi
820,67,4,32,7,9,Lueng Putu
821,13,44,39,14,75,Jaciara
822,72,16,28,25,41,Stockholm
823,46,7,45,27,92,Tuamese
824,20,86,98,8,68,Tanjungagung
825,61,16,21,42,74,Ershilipu
826,74,66,74,21,86,Lucé
827,1,89,87,16,25,Laon
828,5,94,32,4,61,Luksuhin
829,50,79,94,23,39,Bondokodi
830,49,82,16,50,97,Sumurnanjung
831,18,6,70,39,57,Bella Vista
832,4,29,29,6,33,Dongfeng
833,68,22,41,14,57,Cinangka
834,56,79,78,44,75,Zhangjiayuan
835,74,5,56,41,33,Toluviejo
836,22,67,78,34,78,Qulaybīyah
837,4,28,47,33,44,Weitang
838,83,57,59,21,87,Puente Nacional
839,52,29,71,36,64,Fucha
840,74,25,76,33,19,Chiri-Yurt
841,96,86,16,21,47,Sūrīān
842,14,92,7,33,75,Maracás
843,61,53,88,17,10,Hovězí
844,97,73,63,18,70,Ad Dawādimī
845,26,41,20,31,76,Saint-Denis
846,23,49,49,21,8,Nankāna Sāhib
847,83,77,19,37,19,Gejiu
848,70,22,7,14,50,Ussel
849,63,74,2,47,68,Fort-de-France
850,55,90,26,32,42,Muyuzi
851,79,70,7,15,48,Ailibugai
852,19,19,96,9,18,Angered
853,64,32,85,30,30,Wang Noi
854,74,26,63,9,86,Sakhnīn
855,91,97,21,16,79,Shah Alam
856,21,8,35,9,23,Nanshe
857,39,78,48,1,54,Angatel
858,52,84,100,38,47,Peliyagoda
859,76,88,74,8,77,Ålesund
860,19,80,48,11,27,Maple Creek
861,91,2,13,24,10,Sadao
862,72,61,100,7,24,Otradnaya
863,69,14,27,7,87,Kissimmee
864,1,99,39,1,92,Lhakangtang
865,94,24,93,11,99,Pingwang
866,75,17,20,50,12,Huangzhuang
867,13,64,44,34,97,Shijia
868,36,12,11,25,58,Taling
869,73,24,80,4,86,Balud
870,27,100,64,22,2,Chenghe
871,71,69,51,16,88,Pengxing
872,33,7,97,2,20,Tonggu
873,33,27,18,46,70,Paso de los Libres
874,25,76,1,26,37,Zhangcun
875,77,14,16,14,72,Igcocolo
876,48,75,59,19,83,Surcubamba
877,90,17,56,1,83,Concepcion
878,37,42,91,40,53,Holguín
879,54,4,77,5,36,Yishi
880,60,4,98,22,47,Chornoliztsi
881,32,32,33,25,1,28 de Noviembre
882,93,52,82,47,6,Tangwāni
883,82,9,87,34,79,Skärhamn
884,58,17,60,4,16,Ilmajoki
885,25,32,45,43,76,Samashki
886,2,9,69,41,17,Poykovskiy
887,93,48,48,19,28,Akademgorodok
888,51,52,22,49,72,Poço Verde
889,7,59,92,35,68,Chatian
890,28,73,24,47,39,Kuanda
891,70,49,74,48,51,Klek
892,81,12,100,34,1,Pazarić
893,43,63,14,21,79,Chengyang
894,10,84,46,48,6,Unisław
895,57,63,56,17,90,Červená Voda
896,31,99,64,19,93,Zhukovskiy
897,46,67,91,10,81,Kedungbulu
898,62,98,98,29,14,Fuente de Oro
899,67,1,85,16,34,Alegre
900,81,18,83,9,87,Nentón
901,79,66,20,23,33,Maralal
902,91,30,66,37,11,Raposeira
903,76,97,3,2,53,Kabacan
904,18,98,19,10,88,Yangji
905,42,45,15,28,6,Boavista
906,94,6,64,45,91,Zhihe
907,86,53,75,41,98,Mamoudzou
908,63,59,95,24,5,Sirindhorn
909,31,63,84,50,18,Yanguan
910,29,82,90,49,52,Bosanski Brod
911,35,68,98,42,18,Paris La Défense
912,2,96,88,26,1,Eksjö
913,3,96,31,6,21,Manisi
914,95,28,97,15,2,Tangxia
915,55,92,12,31,85,Nässjö
916,59,8,70,16,83,Sanyi
917,25,17,27,16,42,Staryy Dobrotvir
918,14,82,23,43,21,Semanding Barat
919,4,94,47,24,57,Yufrus
920,30,100,45,16,43,Tambakbaya
921,24,13,66,48,86,Mislīyah
922,29,9,85,41,91,Muli
923,51,16,87,6,70,Zanjān
924,31,89,3,39,23,Pran Buri
925,19,99,69,17,27,Saharna
926,50,24,62,17,16,Bressuire
927,71,25,29,38,29,Perdões
928,47,99,30,15,31,Hadžići
929,73,72,1,50,25,Soubré
930,8,82,3,15,46,Gambiran
931,89,19,35,28,74,Nowshahr
932,67,97,12,2,93,Mališevo
933,68,31,34,50,17,Bakersfield
934,37,19,77,7,17,Sobang
935,50,30,88,42,79,Pizarro
936,64,42,100,41,22,Lantian
937,81,38,64,8,48,Tolosa
938,45,42,89,31,7,Santa Elena
939,28,14,43,25,43,La Plaine-Saint-Denis
940,82,96,46,34,22,Osiek nad Notecią
941,63,67,79,36,97,Kalmar
942,65,100,7,50,36,Kovylkino
943,46,69,28,21,74,Wringinsari
944,41,23,34,1,22,Oju
945,50,63,7,17,6,Raszowa
946,91,37,83,14,5,Naebugis
947,64,82,61,13,59,Bengubelan
948,35,51,94,24,96,Yara
949,59,91,35,17,81,Szczecin
950,61,33,64,23,86,Sjöbo
951,36,64,77,34,78,Ceres
952,83,40,63,32,36,Huipinggeng
953,16,75,1,13,95,Betania
954,88,11,31,23,94,Aqaba
955,87,82,49,2,95,Zhongxiang
956,50,56,8,7,7,Fryanovo
957,39,70,89,7,55,Monroe
958,27,38,7,31,14,Morris
959,7,87,74,16,55,Dingyan
960,75,75,15,40,6,Sumberejo
961,69,7,50,9,36,Amieira do Tejo
962,37,74,86,45,49,San Agustin
963,75,84,33,42,31,Côte-Saint-Luc
964,51,87,77,39,1,Trenggulunan
965,86,24,20,18,91,Da-an Sur
966,64,85,8,25,91,Quintã
967,22,49,20,10,27,Ja Ela
968,73,94,36,30,31,Avdzaga
969,69,100,19,39,87,Descalvado
970,12,64,26,23,89,Dakoutun
971,28,6,35,32,3,‘Arab ar Rashāydah
972,21,20,78,13,70,Batulenger Barat
973,38,96,36,21,80,Nueve de Julio
974,37,25,66,16,33,Bobon
975,18,68,98,46,91,Renliu
976,56,5,22,7,99,Kota Bharu
977,37,30,61,29,78,Pinar del Río
978,98,87,44,28,9,Tullyallen
979,59,57,73,41,40,San José
980,73,62,61,19,58,Czerwionka-Leszczyny
981,88,84,71,42,24,Covão
982,51,21,76,9,64,Puerto de Nutrias
983,45,39,71,43,47,Canghou
984,60,39,78,17,6,Shinao
985,88,11,45,30,68,Viloco
986,28,96,79,45,71,Frei Paulo
987,59,87,73,30,28,Vilémov
988,59,4,86,7,26,Mito-shi
989,7,68,56,40,28,Qiujima
990,38,35,26,14,89,Rinbung
991,95,72,4,29,77,Uromi
992,84,97,10,35,84,Erdenet
993,12,95,6,21,31,Adelaide
994,31,50,61,46,75,Fushan
995,89,43,17,15,64,Lerrnanist
996,84,4,65,40,93,Palekastro
997,1,87,22,23,72,Saseel
998,88,5,87,15,47,Marvdasht
999,13,82,43,49,47,Landskrona
1000,15,14,18,30,100,Polo
